"","season","id","name","position","team","conference","countablePlays","averagePPA.all","averagePPA.pass","averagePPA.rush"
"1",2015,551918,"Lee McNeill","QB","Charlotte","Conference USA",220,-0.185,-0.152,-0.549
"2",2015,513330,"Max Wittek","QB","Hawai'i","Mountain West",258,-0.059,-0.094,0.611
"3",2015,3125858,"George Bollas","QB","Kent State","Mid-American",203,-0.036,-0.069,0.04
"4",2015,3924327,"Drew Lock","QB","Missouri","SEC",313,-0.001,-0.045,0.449
"5",2015,3915317,"Billy Bahl","QB","Miami (OH)","Mid-American",258,0.013,0.003,0.14
"6",2015,512806,"Chuckie Keeton","QB","Utah State","Mountain West",246,0.033,-0.003,0.197
"7",2015,546184,"Johnny McCrary","QB","Vanderbilt","SEC",336,0.036,-0.012,0.296
"8",2015,3917958,"Ryan Willis","QB","Kansas","Big 12",365,0.038,0.018,0.287
"9",2015,3123209,"Shuler Bentley","QB","Old Dominion","Conference USA",312,0.044,0.025,0.254
"10",2015,3914500,"DaMarcus Smith","QB","North Texas","Conference USA",299,0.045,-0.061,0.342
"11",2015,3124037,"Dalton Sturm","QB","UT San Antonio","Conference USA",338,0.049,0.062,0.014
"12",2015,534317,"Perry Hills","QB","Maryland","Big Ten",285,0.053,-0.105,0.388
"13",2015,3124529,"Kilton Anderson","QB","Fresno State","Mountain West",206,0.079,-0.013,0.462
"14",2015,551184,"Justin Holman","QB","UCF","American Athletic",295,0.08,0.024,0.437
"15",2015,551230,"Kurt Palandech","QB","UNLV","Mountain West",234,0.089,-0.032,0.43
"16",2015,3116188,"David Blough","QB","Purdue","Big Ten",357,0.098,0.053,0.391
"17",2015,518271,"Blake Frohnapfel","QB","UMass","FBS Independents",530,0.099,0.081,0.327
"18",2015,550876,"Jaquez Johnson","QB","Florida Atlantic","Conference USA",335,0.107,0.113,0.089
"19",2015,545757,"Tanner Lee","QB","Tulane","American Athletic",298,0.11,0.127,-0.861
"20",2015,534652,"Wes Lunt","QB","Illinois","Big Ten",500,0.115,0.114,0.242
"21",2015,511552,"Derrius Vick","QB","Ohio","Mid-American",339,0.131,0.188,-0.079
"22",2015,511969,"Sam B. Richardson","QB","Iowa State","Big 12",245,0.142,0.136,0.178
"23",2015,3124092,"John Wolford","QB","Wake Forest","ACC",306,0.143,0.114,0.291
"24",2015,534770,"Austin Appleby","QB","Purdue","Big Ten",261,0.149,0.136,0.206
"25",2015,3918634,"Cody Clements","QB","South Alabama","Sun Belt",403,0.151,0.155,0.131
"26",2015,548240,"Tyler Jones","QB","Texas State","Sun Belt",469,0.161,0.13,0.256
"27",2015,3124944,"Garrett Smith","QB","Louisiana Monroe","Sun Belt",439,0.163,0.206,-0.023
"28",2015,530944,"Patrick Towles","QB","Kentucky","SEC",402,0.164,0.114,0.513
"29",2015,531104,"Justin Thomas","QB","Georgia Tech","ACC",313,0.165,0.215,0.088
"30",2015,531430,"Jalen Nixon","QB","Louisiana","Sun Belt",200,0.169,0.023,0.526
"31",2015,3121647,"Treon Harris","QB","Florida","SEC",322,0.172,0.119,0.396
"32",2015,3128843,"Alex McGough","QB","Florida International","Conference USA",465,0.178,0.163,0.287
"33",2015,552329,"Christian Hackenberg","QB","Penn State","Big Ten",425,0.181,0.155,0.535
"34",2015,3915468,"Riley Neal","QB","Ball State","Mid-American",475,0.188,0.162,0.319
"35",2015,3116144,"Clayton Thorson","QB","Northwestern","Big Ten",391,0.189,0.095,0.558
"36",2015,549956,"Bryant Shirreffs","QB","Connecticut","American Athletic",427,0.199,0.17,0.272
"37",2015,538156,"Fredi Knighten","QB","Arkansas State","Sun Belt",392,0.202,0.211,0.184
"38",2015,531051,"Travis Wilson","QB","Utah","Pac-12",450,0.206,0.191,0.248
"39",2015,530541,"Brenden Motley","QB","Virginia Tech","ACC",251,0.21,0.214,0.202
"40",2015,549759,"P.J. Walker","QB","Temple","American Athletic",512,0.21,0.244,-0.027
"41",2015,3116460,"Skyler Howard","QB","West Virginia","Big 12",560,0.217,0.209,0.245
"42",2015,512191,"Jacoby Brissett","QB","NC State","ACC",530,0.218,0.179,0.372
"43",2015,530478,"Thomas Sirk","QB","Duke","ACC",587,0.218,0.226,0.196
"44",2015,545796,"Tanner Mangum","QB","BYU","FBS Independents",506,0.223,0.24,0.002
"45",2015,517248,"Joe Hubener","QB","Kansas State","Big 12",450,0.223,0.163,0.335
"46",2015,532113,"Matt Davis","QB","SMU","American Athletic",513,0.224,0.14,0.436
"47",2015,3125813,"Hayden Moore","QB","Cincinnati","American Athletic",277,0.226,0.222,0.253
"48",2015,550357,"Thomas Woodson","QB","Akron","Mid-American",415,0.233,0.258,0.169
"49",2015,531678,"Brooks Haack","QB","Louisiana","Sun Belt",244,0.237,0.204,0.465
"50",2015,534294,"Cardale Jones","QB","Ohio State","Big Ten",234,0.237,0.304,0.009
"51",2015,547549,"Chris Laviano","QB","Rutgers","Big Ten",369,0.24,0.243,0.214
"52",2015,530731,"Mitch Leidner","QB","Minnesota","Big Ten",508,0.242,0.27,0.107
"53",2015,3931782,"Chase Litton","QB","Marshall","Conference USA",429,0.243,0.259,0.039
"54",2015,530691,"Cameron Coffman","QB","Wyoming","Mountain West",280,0.244,0.246,0.214
"55",2015,552782,"Brogan Roback","QB","Eastern Michigan","Mid-American",391,0.246,0.26,0.116
"56",2015,517393,"Mike Bercovici","QB","Arizona State","Pac-12",635,0.249,0.266,0.121
"57",2015,3916447,"Eric Dungey","QB","Syracuse","ACC",263,0.25,0.265,0.213
"58",2015,517427,"Maxwell Smith","QB","San Diego State","Mountain West",229,0.255,0.292,-0.211
"59",2015,532480,"Drew Hare","QB","Northern Illinois","Mid-American",354,0.255,0.31,0.085
"60",2015,513614,"Joe Licata","QB","Buffalo","Mid-American",436,0.257,0.252,0.392
"61",2015,514230,"Joel Stave","QB","Wisconsin","Big Ten",397,0.258,0.26,0.201
"62",2015,535113,"David Washington","QB","Old Dominion","Conference USA",215,0.264,0.259,0.297
"63",2015,535548,"Matt Johns","QB","Virginia","ACC",460,0.264,0.27,0.206
"64",2015,3125353,"Kent Myers","QB","Utah State","Mountain West",281,0.266,0.295,0.18
"65",2015,514894,"Driphus Jackson","QB","Rice","Conference USA",388,0.269,0.27,0.263
"66",2015,550629,"Luke Falk","QB","Washington State","Pac-12",720,0.271,0.29,0
"67",2015,514481,"Michael Brewer","QB","Virginia Tech","ACC",251,0.273,0.286,0.132
"68",2015,559681,"Kyle Allen","QB","Texas A&M","SEC",345,0.274,0.274,0.275
"69",2015,3139591,"Quinton Flowers","QB","South Florida","American Athletic",463,0.276,0.27,0.285
"70",2015,3126168,"Blake Kemp","QB","East Carolina","American Athletic",411,0.276,0.285,0.144
"71",2015,532065,"Nathan Peterman","QB","Pittsburgh","ACC",396,0.277,0.285,0.235
"72",2015,3125318,"Blake Decker","QB","UNLV","Mountain West",254,0.279,0.325,0.029
"73",2015,551028,"Lamar Jordan","QB","New Mexico","Mountain West",263,0.284,0.306,0.264
"74",2015,548144,"Perry Orth","QB","South Carolina","SEC",313,0.286,0.283,0.309
"75",2015,3916387,"Lamar Jackson","QB","Louisville","ACC",408,0.286,0.147,0.557
"76",2015,536228,"Tyler Stewart","QB","Nevada","Mountain West",423,0.289,0.258,0.425
"77",2015,533270,"Tommy Armstrong Jr.","QB","Nebraska","Big Ten",494,0.297,0.241,0.56
"78",2015,545624,"J.T. Barrett","QB","Ohio State","Big Ten",257,0.297,0.129,0.532
"79",2015,550278,"Sefo Liufau","QB","Colorado","Pac-12",391,0.301,0.3,0.305
"80",2015,3886812,"Jake Browning","QB","Washington","Pac-12",428,0.306,0.287,0.516
"81",2015,547343,"Karson Roberts","QB","Air Force","Mountain West",311,0.307,0.45,0.172
"82",2015,546540,"Joshua Dobbs","QB","Tennessee","SEC",487,0.307,0.241,0.501
"83",2015,546267,"Nick Stevens","QB","Colorado State","Mountain West",391,0.313,0.303,0.421
"84",2015,546145,"Brandon Silvers","QB","Troy","Sun Belt",369,0.314,0.338,0.038
"85",2015,514124,"Jake Coker","QB","Alabama","SEC",466,0.315,0.328,0.206
"86",2015,559751,"Brandon Harris","QB","LSU","SEC",341,0.327,0.333,0.291
"87",2015,3886377,"Josh Rosen","QB","UCLA","Pac-12",520,0.328,0.327,0.348
"88",2015,530521,"Greyson Lambert","QB","Georgia","SEC",283,0.338,0.371,-0.149
"89",2015,3722362,"Brett Rypien","QB","Boise State","Mountain West",467,0.341,0.334,0.472
"90",2015,531455,"Cooper Rush","QB","Central Michigan","Mid-American",508,0.341,0.333,0.455
"91",2015,550019,"Jeremy Johnson","QB","Auburn","SEC",200,0.349,0.289,0.616
"92",2015,552097,"Anu Solomon","QB","Arizona","Pac-12",393,0.35,0.335,0.456
"93",2015,532273,"Dane Evans","QB","Tulsa","American Athletic",577,0.351,0.361,0.255
"94",2015,512030,"Dak Prescott","QB","Mississippi State","SEC",631,0.36,0.339,0.446
"95",2015,3139477,"Patrick Mahomes","QB","Texas Tech","Big 12",700,0.361,0.314,0.621
"96",2015,3123048,"Brad Kaaya","QB","Miami","ACC",420,0.363,0.368,0.256
"97",2015,512705,"Connor Cook","QB","Michigan State","Big Ten",458,0.365,0.362,0.41
"98",2015,513329,"Cody Kessler","QB","USC","Pac-12",504,0.369,0.334,1.158
"99",2015,515906,"Phillip Ely","QB","Toledo","Mid-American",391,0.37,0.392,-0.032
"100",2015,518380,"Jake Rudock","QB","Michigan","Big Ten",447,0.373,0.346,0.642
"101",2015,511889,"Jeff Driskel","QB","Louisiana Tech","Conference USA",532,0.375,0.382,0.332
"102",2015,3129302,"DeShone Kizer","QB","Notre Dame","FBS Independents",465,0.376,0.371,0.389
"103",2015,3116407,"Mason Rudolph","QB","Oklahoma State","Big 12",488,0.377,0.419,-0.136
"104",2015,3914864,"Kenny Potter","QB","San José State","Mountain West",382,0.38,0.335,0.534
"105",2015,516347,"Marquise Williams","QB","North Carolina","ACC",507,0.383,0.335,0.513
"106",2015,515409,"Everett Golson","QB","Florida State","ACC",264,0.385,0.451,-0.147
"107",2015,530568,"Keenan Reynolds","QB","Navy","American Athletic",380,0.387,0.444,0.358
"108",2015,535844,"C.J. Beathard","QB","Iowa","Big Ten",455,0.389,0.34,0.655
"109",2015,534259,"Gunner Kiel","QB","Cincinnati","American Athletic",345,0.397,0.41,0.217
"110",2015,545683,"Brent Stockstill","QB","Middle Tennessee","Conference USA",540,0.398,0.404,0.329
"111",2015,534849,"Paxton Lynch","QB","Memphis","American Athletic",529,0.404,0.4,0.427
"112",2015,532645,"Zach Terrell","QB","Western Michigan","Mid-American",435,0.412,0.4,0.512
"113",2015,552880,"Nick Mullens","QB","Southern Mississippi","Conference USA",562,0.419,0.431,0.137
"114",2015,550373,"Baker Mayfield","QB","Oklahoma","Big 12",531,0.42,0.434,0.362
"115",2015,547401,"Jared Goff","QB","California","Pac-12",583,0.426,0.422,0.485
"116",2015,3122840,"Deshaun Watson","QB","Clemson","ACC",692,0.431,0.429,0.435
"117",2015,3124848,"Nick Arbuckle","QB","Georgia State","Sun Belt",539,0.435,0.442,0.324
"118",2015,545552,"Greg Ward Jr.","QB","Houston","American Athletic",538,0.438,0.376,0.57
"119",2015,535825,"Nate Sudfeld","QB","Indiana","Big Ten",444,0.441,0.439,0.462
"120",2015,517127,"Trevone Boykin","QB","TCU","Big 12",515,0.459,0.49,0.344
"121",2015,511713,"Vernon Adams Jr.","QB","Oregon","Pac-12",337,0.474,0.532,0.189
"122",2015,534580,"Chad Kelly","QB","Ole Miss","SEC",557,0.477,0.427,0.753
"123",2015,516357,"Kevin Hogan","QB","Stanford","Pac-12",386,0.481,0.481,0.483
"124",2015,548447,"Taylor Lamb","QB","Appalachian State","Sun Belt",358,0.489,0.481,0.521
"125",2015,504866,"Brandon Doughty","QB","Western Kentucky","Conference USA",541,0.499,0.524,-0.392
"126",2015,515915,"Brandon Allen","QB","Arkansas","SEC",425,0.534,0.547,0.414
"127",2015,535511,"Seth Russell","QB","Baylor","Big 12",249,0.674,0.643,0.808
"128",2016,3126243,"Glen Cuiellette","QB","Tulane","American Athletic",353,-0.117,-0.101,-0.155
"129",2016,3127375,"Giovanni Rescigno","QB","Rutgers","Big Ten",220,0.018,-0.034,0.226
"130",2016,3914395,"James Morgan","QB","Bowling Green","Mid-American",329,0.02,-0.012,0.358
"131",2016,545417,"Montell Cozart","QB","Kansas","Big 12",218,0.031,0.005,0.237
"132",2016,548240,"Tyler Jones","QB","Texas State","Sun Belt",454,0.05,0.051,0.046
"133",2016,3931782,"Chase Litton","QB","Marshall","Conference USA",344,0.09,0.086,0.287
"134",2016,3916564,"Tyree Jackson","QB","Buffalo","Mid-American",407,0.098,0.069,0.2
"135",2016,4039073,"Mason Fine","QB","North Texas","Conference USA",349,0.098,0.061,0.277
"136",2016,545645,"Kurt Benkert","QB","Virginia","ACC",463,0.099,0.089,0.247
"137",2016,4042113,"McKenzie Milton","QB","UCF","American Athletic",384,0.106,0.064,0.292
"138",2016,3128843,"Alex McGough","QB","Florida International","Conference USA",328,0.113,0.11,0.143
"139",2016,549956,"Bryant Shirreffs","QB","Connecticut","American Athletic",425,0.13,0.186,-0.006
"140",2016,546469,"Ryan Burns","QB","Stanford","Pac-12",222,0.13,0.139,0.089
"141",2016,546033,"Anthony Jennings","QB","Louisiana","Sun Belt",465,0.148,0.089,0.339
"142",2016,3915776,"Kyle Shurmur","QB","Vanderbilt","SEC",423,0.15,0.161,-0.057
"143",2016,534652,"Wes Lunt","QB","Illinois","Big Ten",250,0.152,0.143,0.469
"144",2016,3124981,"Tyler Rogers","QB","New Mexico State","FBS Independents",488,0.154,0.078,0.495
"145",2016,3124092,"John Wolford","QB","Wake Forest","ACC",428,0.155,0.077,0.413
"146",2016,3116188,"David Blough","QB","Purdue","Big Ten",598,0.156,0.126,0.475
"147",2016,534770,"Austin Appleby","QB","Florida","SEC",249,0.158,0.157,0.167
"148",2016,535844,"C.J. Beathard","QB","Iowa","Big Ten",380,0.164,0.107,0.492
"149",2016,3124698,"Ryan Metz","QB","UTEP","Conference USA",206,0.173,0.127,0.621
"150",2016,4038809,"Jake Bentley","QB","South Carolina","SEC",240,0.173,0.17,0.194
"151",2016,536503,"Tyler Stehling","QB","Rice","Conference USA",413,0.174,0.141,0.315
"152",2016,530944,"Patrick Towles","QB","Boston College","ACC",385,0.175,0.117,0.374
"153",2016,3125813,"Hayden Moore","QB","Cincinnati","American Athletic",309,0.18,0.195,0.066
"154",2016,3920819,"Quinton Maxwell","QB","Ohio","Mid-American",229,0.181,0.225,0.06
"155",2016,550339,"Nick Holley","QB","Kent State","Mid-American",347,0.181,0.09,0.27
"156",2016,3914864,"Kenny Potter","QB","San José State","Mountain West",445,0.183,0.162,0.258
"157",2016,546876,"Troy Williams","QB","Utah","Pac-12",493,0.184,0.195,0.13
"158",2016,3129089,"Ahmad Bradshaw","QB","Army","FBS Independents",250,0.186,-0.02,0.298
"159",2016,531259,"Mike Fafaul","QB","UCLA","Pac-12",280,0.187,0.184,0.234
"160",2016,3915468,"Riley Neal","QB","Ball State","Mid-American",516,0.19,0.15,0.337
"161",2016,546362,"Luke Del Rio","QB","Florida","SEC",214,0.191,0.199,0.013
"162",2016,3918038,"Chason Virgil","QB","Fresno State","Mountain West",397,0.201,0.19,0.268
"163",2016,546145,"Brandon Silvers","QB","Troy","Sun Belt",416,0.202,0.189,0.343
"164",2016,3128814,"Manny Wilkins","QB","Arizona State","Pac-12",438,0.203,0.185,0.268
"165",2016,4039034,"Shane Buechele","QB","Texas","Big 12",484,0.203,0.21,0.162
"166",2016,534317,"Perry Hills","QB","Maryland","Big Ten",282,0.204,0.143,0.455
"167",2016,3125353,"Kent Myers","QB","Utah State","Mountain West",476,0.205,0.155,0.412
"168",2016,482594,"Taysom Hill","QB","BYU","FBS Independents",466,0.209,0.108,0.549
"169",2016,3916208,"Ben Hicks","QB","SMU","American Athletic",464,0.211,0.205,0.339
"170",2016,4035003,"Jacob Eason","QB","Georgia","SEC",398,0.213,0.198,0.663
"171",2016,530738,"Philip Nelson","QB","East Carolina","American Athletic",408,0.225,0.231,0.183
"172",2016,3116144,"Clayton Thorson","QB","Northwestern","Big Ten",574,0.226,0.213,0.336
"173",2016,3139889,"Hasaan Klugh","QB","Charlotte","Conference USA",303,0.227,0.106,0.621
"174",2016,530731,"Mitch Leidner","QB","Minnesota","Big Ten",416,0.23,0.181,0.39
"175",2016,532440,"Greg Windham","QB","Ohio","Mid-American",379,0.233,0.204,0.332
"176",2016,3122713,"Jason Driskel","QB","Florida Atlantic","Conference USA",378,0.234,0.188,0.516
"177",2016,531455,"Cooper Rush","QB","Central Michigan","Mid-American",524,0.235,0.236,0.234
"178",2016,550278,"Sefo Liufau","QB","Colorado","Pac-12",435,0.237,0.251,0.202
"179",2016,545624,"J.T. Barrett","QB","Ohio State","Big Ten",577,0.238,0.204,0.315
"180",2016,3116772,"Andrew Ford","QB","UMass","FBS Independents",406,0.241,0.22,0.75
"181",2016,3924327,"Drew Lock","QB","Missouri","SEC",481,0.243,0.23,0.382
"182",2016,4038524,"Gardner Minshew","QB","East Carolina","American Athletic",221,0.246,0.282,-0.385
"183",2016,3917792,"Daniel Jones","QB","Duke","ACC",533,0.246,0.204,0.439
"184",2016,3886609,"Alex Hornibrook","QB","Wisconsin","Big Ten",204,0.249,0.291,-0.561
"185",2016,3124944,"Garrett Smith","QB","Louisiana Monroe","Sun Belt",236,0.251,0.189,0.464
"186",2016,3125259,"Dallas Davis","QB","South Alabama","Sun Belt",436,0.252,0.224,0.393
"187",2016,549759,"P.J. Walker","QB","Temple","American Athletic",457,0.254,0.28,-0.023
"188",2016,550386,"Davis Webb","QB","California","Pac-12",651,0.259,0.257,0.329
"189",2016,546687,"Richard Lagow","QB","Indiana","Big Ten",479,0.264,0.273,-0.041
"190",2016,532644,"Anthony Maddie","QB","Northern Illinois","Mid-American",230,0.267,0.209,0.404
"191",2016,550226,"Conner Manning","QB","Georgia State","Sun Belt",397,0.268,0.268,0.292
"192",2016,3139921,"Christian Chapman","QB","San Diego State","Mountain West",288,0.268,0.308,0.023
"193",2016,3916447,"Eric Dungey","QB","Syracuse","ACC",476,0.27,0.291,0.193
"194",2016,4035409,"Zach Smith","QB","Baylor","Big 12",218,0.272,0.285,0.052
"195",2016,4038224,"Dru Brown","QB","Hawai'i","Mountain West",402,0.273,0.244,0.419
"196",2016,534449,"Trevor Knight","QB","Texas A&M","SEC",451,0.279,0.192,0.639
"197",2016,535113,"David Washington","QB","Old Dominion","Conference USA",376,0.282,0.291,0.222
"198",2016,546288,"Ryan Finley","QB","NC State","ACC",471,0.283,0.327,-0.041
"199",2016,536228,"Tyler Stewart","QB","Nevada","Mountain West",217,0.286,0.265,0.392
"200",2016,4040715,"Jalen Hurts","QB","Alabama","SEC",569,0.286,0.258,0.352
"201",2016,550629,"Luke Falk","QB","Washington State","Pac-12",696,0.289,0.304,0.017
"202",2016,3124037,"Dalton Sturm","QB","UT San Antonio","Conference USA",360,0.291,0.247,0.493
"203",2016,549865,"Kenny Hill","QB","TCU","Big 12",564,0.293,0.22,0.627
"204",2016,532925,"Kevin Ellison","QB","Georgia Southern","Sun Belt",245,0.294,0.391,0.211
"205",2016,3129302,"DeShone Kizer","QB","Notre Dame","FBS Independents",487,0.298,0.259,0.444
"206",2016,548447,"Taylor Lamb","QB","Appalachian State","Sun Belt",376,0.299,0.223,0.633
"207",2016,550448,"Jesse Ertz","QB","Kansas State","Big 12",445,0.305,0.203,0.485
"208",2016,550357,"Thomas Woodson","QB","Akron","Mid-American",278,0.308,0.343,-0.013
"209",2016,558337,"Nick Fitzgerald","QB","Mississippi State","SEC",555,0.308,0.159,0.617
"210",2016,545552,"Greg Ward Jr.","QB","Houston","American Athletic",658,0.309,0.32,0.275
"211",2016,3116460,"Skyler Howard","QB","West Virginia","Big 12",542,0.311,0.296,0.363
"212",2016,557882,"Stephen Johnson","QB","Kentucky","SEC",351,0.315,0.277,0.454
"213",2016,3115966,"Wilton Speight","QB","Michigan","Big Ten",359,0.318,0.32,0.265
"214",2016,3116379,"Justice Hansen","QB","Arkansas State","Sun Belt",415,0.318,0.357,0.093
"215",2016,4038941,"Justin Herbert","QB","Oregon","Pac-12",312,0.32,0.335,0.218
"216",2016,533270,"Tommy Armstrong Jr.","QB","Nebraska","Big Ten",405,0.333,0.328,0.346
"217",2016,3121585,"Sean White","QB","Auburn","SEC",262,0.335,0.3,0.522
"218",2016,552782,"Brogan Roback","QB","Eastern Michigan","Mid-American",433,0.336,0.328,0.387
"219",2016,559568,"Jacob Park","QB","Iowa State","Big 12",262,0.337,0.335,0.358
"220",2016,3123048,"Brad Kaaya","QB","Miami","ACC",455,0.345,0.349,0.225
"221",2016,3122840,"Deshaun Watson","QB","Clemson","ACC",729,0.346,0.381,0.21
"222",2016,550170,"Danny Etling","QB","LSU","SEC",307,0.346,0.332,0.516
"223",2016,546540,"Joshua Dobbs","QB","Tennessee","SEC",495,0.351,0.279,0.569
"224",2016,556465,"Jerod Evans","QB","Virginia Tech","ACC",620,0.352,0.34,0.382
"225",2016,531104,"Justin Thomas","QB","Georgia Tech","ACC",281,0.353,0.561,0.087
"226",2016,3116172,"Trace McSorley","QB","Penn State","Big Ten",530,0.355,0.422,0.136
"227",2016,535578,"Tyler O'Connor","QB","Michigan State","Big Ten",324,0.357,0.361,0.332
"228",2016,532273,"Dane Evans","QB","Tulsa","American Athletic",473,0.363,0.341,0.757
"229",2016,535511,"Seth Russell","QB","Baylor","Big 12",371,0.364,0.289,0.622
"230",2016,3886377,"Josh Rosen","QB","UCLA","Pac-12",250,0.365,0.367,0.314
"231",2016,3125968,"Gus Ragland","QB","Miami (OH)","Mid-American",260,0.367,0.395,0.288
"232",2016,546539,"Riley Ferguson","QB","Memphis","American Athletic",508,0.374,0.376,0.346
"233",2016,3921561,"Deondre Francois","QB","Florida State","ACC",499,0.381,0.349,0.564
"234",2016,3133993,"Brandon Dawkins","QB","Arizona","Pac-12",273,0.383,0.193,0.707
"235",2016,3916387,"Lamar Jackson","QB","Louisville","ACC",660,0.398,0.311,0.583
"236",2016,552880,"Nick Mullens","QB","Southern Mississippi","Conference USA",432,0.401,0.396,0.457
"237",2016,3116407,"Mason Rudolph","QB","Oklahoma State","Big 12",525,0.403,0.406,0.379
"238",2016,545683,"Brent Stockstill","QB","Middle Tennessee","Conference USA",407,0.406,0.391,0.582
"239",2016,3918298,"Josh Allen","QB","Wyoming","Mountain West",481,0.411,0.34,0.683
"240",2016,534580,"Chad Kelly","QB","Ole Miss","SEC",408,0.411,0.396,0.487
"241",2016,547206,"Austin Allen","QB","Arkansas","SEC",461,0.414,0.433,0.147
"242",2016,551208,"Will Worth","QB","Navy","American Athletic",380,0.418,0.59,0.327
"243",2016,3139477,"Patrick Mahomes","QB","Texas Tech","Big 12",718,0.423,0.423,0.422
"244",2016,545238,"Mitch Trubisky","QB","North Carolina","ACC",535,0.441,0.453,0.36
"245",2016,3139591,"Quinton Flowers","QB","South Florida","American Athletic",479,0.461,0.327,0.708
"246",2016,3722362,"Brett Rypien","QB","Boise State","Mountain West",433,0.473,0.472,0.483
"247",2016,3886812,"Jake Browning","QB","Washington","Pac-12",452,0.477,0.457,0.696
"248",2016,531316,"Ryan Higgins","QB","Louisiana Tech","Conference USA",582,0.494,0.518,0.317
"249",2016,532065,"Nathan Peterman","QB","Pittsburgh","ACC",376,0.508,0.52,0.443
"250",2016,3912547,"Sam Darnold","QB","USC","Pac-12",426,0.509,0.549,0.238
"251",2016,549804,"Mike White","QB","Western Kentucky","Conference USA",399,0.511,0.52,0.21
"252",2016,545910,"Logan Woodside","QB","Toledo","Mid-American",418,0.532,0.585,-0.417
"253",2016,532645,"Zach Terrell","QB","Western Michigan","Mid-American",435,0.587,0.593,0.557
"254",2016,550373,"Baker Mayfield","QB","Oklahoma","Big 12",432,0.697,0.768,0.278
"255",2017,546005,"Jack Milas","QB","Ball State","Mid-American",249,-0.14,-0.158,0.005
"256",2017,3139889,"Hasaan Klugh","QB","Charlotte","Conference USA",422,-0.029,-0.175,0.359
"257",2017,3125858,"George Bollas","QB","Kent State","Mid-American",283,-0.023,-0.041,0.019
"258",2017,3917957,"Carter Stanley","QB","Kansas","Big 12",235,-0.003,0.004,-0.034
"259",2017,4036215,"Max Bortenschlager","QB","Maryland","Big Ten",302,0.001,-0.016,0.101
"260",2017,3728285,"Demry Croft","QB","Minnesota","Big Ten",201,0.019,-0.153,0.414
"261",2017,3914395,"James Morgan","QB","Bowling Green","Mid-American",234,0.02,0.003,0.253
"262",2017,4239134,"David Pindell","QB","Connecticut","American Athletic",230,0.04,-0.014,0.179
"263",2017,4036850,"Montel Aaron","QB","San José State","Mountain West",269,0.065,0.04,0.294
"264",2017,3139423,"Cole Garvin","QB","South Alabama","Sun Belt",263,0.079,0.104,-0.179
"265",2017,4038741,"Kato Nelson","QB","Akron","Mid-American",235,0.09,0.104,0.062
"266",2017,3861927,"Jeff George Jr.","QB","Illinois","Big Ten",208,0.1,0.11,-0.071
"267",2017,545645,"Kurt Benkert","QB","Virginia","ACC",571,0.109,0.104,0.166
"268",2017,546603,"Damian Williams","QB","Texas State","Sun Belt",384,0.11,0.114,0.095
"269",2017,3917792,"Daniel Jones","QB","Duke","ACC",611,0.112,0.034,0.379
"270",2017,3791146,"Elijah Sindelar","QB","Purdue","Big Ten",342,0.113,0.112,0.122
"271",2017,4035312,"Anthony Brown","QB","Boston College","ACC",301,0.114,0.051,0.569
"272",2017,545796,"Tanner Mangum","QB","BYU","FBS Independents",291,0.115,0.135,-0.112
"273",2017,3127261,"Peyton Bender","QB","Kansas","Big 12",298,0.127,0.134,-0.112
"274",2017,3125353,"Kent Myers","QB","Utah State","Mountain West",277,0.13,0.036,0.471
"275",2017,4241820,"Sam Ehlinger","QB","Texas","Big 12",390,0.13,0.109,0.187
"276",2017,3895785,"Ben Dinucci","QB","Pittsburgh","ACC",211,0.137,0.089,0.352
"277",2017,550357,"Thomas Woodson","QB","Akron","Mid-American",308,0.138,0.15,0.007
"278",2017,4039470,"Marcus Childers","QB","Northern Illinois","Mid-American",404,0.141,0.094,0.246
"279",2017,4240904,"Kellen Mond","QB","Texas A&M","SEC",314,0.143,0.104,0.281
"280",2017,4034948,"Feleipe Franks","QB","Florida","SEC",286,0.145,0.147,0.129
"281",2017,4045290,"Peyton Ramsey","QB","Indiana","Big Ten",296,0.154,0.236,-0.061
"282",2017,4038224,"Dru Brown","QB","Hawai'i","Mountain West",457,0.156,0.124,0.574
"283",2017,4035409,"Zach Smith","QB","Baylor","Big 12",230,0.158,0.174,-0.094
"284",2017,4039034,"Shane Buechele","QB","Texas","Big 12",274,0.162,0.12,0.393
"285",2017,3116144,"Clayton Thorson","QB","Northwestern","Big Ten",544,0.17,0.122,0.56
"286",2017,4240020,"James Blackman","QB","Florida State","ACC",356,0.173,0.207,-0.123
"287",2017,3858269,"Ross Bowers","QB","California","Pac-12",523,0.177,0.173,0.238
"288",2017,550720,"Darell Garretson","QB","Oregon State","Pac-12",257,0.177,0.164,0.279
"289",2017,3125968,"Gus Ragland","QB","Miami (OH)","Mid-American",342,0.181,0.188,0.142
"290",2017,3914460,"John Urzua","QB","Middle Tennessee","Conference USA",238,0.182,0.174,0.306
"291",2017,3125813,"Hayden Moore","QB","Cincinnati","American Athletic",512,0.183,0.168,0.272
"292",2017,3914214,"Logan Marchi","QB","Temple","American Athletic",269,0.186,0.198,-0.012
"293",2017,4036378,"Jordan Love","QB","Utah State","Mountain West",273,0.192,0.162,0.382
"294",2017,546706,"Shane Morris","QB","Central Michigan","Mid-American",526,0.195,0.194,0.204
"295",2017,550629,"Luke Falk","QB","Washington State","Pac-12",592,0.196,0.196,0.202
"296",2017,552782,"Brogan Roback","QB","Eastern Michigan","Mid-American",445,0.199,0.209,0.034
"297",2017,530478,"Thomas Sirk","QB","East Carolina","American Athletic",305,0.201,0.193,0.233
"298",2017,3916447,"Eric Dungey","QB","Syracuse","ACC",523,0.206,0.135,0.454
"299",2017,3125259,"Dallas Davis","QB","South Alabama","Sun Belt",224,0.207,0.265,-0.065
"300",2017,3124912,"Jordan Davis","QB","Louisiana","Sun Belt",252,0.209,0.126,0.53
"301",2017,546687,"Richard Lagow","QB","Indiana","Big Ten",331,0.217,0.246,-0.187
"302",2017,545757,"Tanner Lee","QB","Nebraska","Big Ten",457,0.228,0.23,0.153
"303",2017,3124981,"Tyler Rogers","QB","New Mexico State","FBS Independents",631,0.228,0.228,0.235
"304",2017,4038186,"Arion Worthman","QB","Air Force","Mountain West",322,0.233,0.258,0.216
"305",2017,4038524,"Gardner Minshew","QB","East Carolina","American Athletic",320,0.233,0.251,-0.277
"306",2017,4037603,"Josh Jackson","QB","Virginia Tech","ACC",514,0.235,0.238,0.226
"307",2017,3123047,"Malik Rosier","QB","Miami","ACC",545,0.238,0.212,0.35
"308",2017,545683,"Brent Stockstill","QB","Middle Tennessee","Conference USA",275,0.242,0.229,0.381
"309",2017,4244029,"Jarret Doege","QB","Bowling Green","Mid-American",217,0.244,0.271,-0.095
"310",2017,4050370,"Keon Howard","QB","Southern Mississippi","Conference USA",220,0.245,0.196,0.422
"311",2017,4056052,"Armani Rogers","QB","UNLV","Mountain West",333,0.245,0.143,0.416
"312",2017,545682,"A.J. Erdely","QB","UAB","Conference USA",455,0.246,0.182,0.479
"313",2017,559556,"Will Grier","QB","West Virginia","Big 12",390,0.246,0.267,0.095
"314",2017,4035671,"Tyler Huntley","QB","Utah","Pac-12",473,0.25,0.265,0.215
"315",2017,3728240,"Kelly Bryant","QB","Clemson","ACC",583,0.25,0.234,0.29
"316",2017,553532,"Kyle Postma","QB","Houston","American Athletic",212,0.251,0.24,0.296
"317",2017,4035584,"Cole Kelley","QB","Arkansas","SEC",202,0.251,0.209,0.436
"318",2017,3139921,"Christian Chapman","QB","San Diego State","Mountain West",321,0.254,0.267,0.17
"319",2017,4038809,"Jake Bentley","QB","South Carolina","SEC",467,0.255,0.216,0.626
"320",2017,558337,"Nick Fitzgerald","QB","Mississippi State","SEC",400,0.259,0.136,0.503
"321",2017,3914382,"J'Mar Smith","QB","Louisiana Tech","Conference USA",525,0.262,0.241,0.36
"322",2017,3917810,"TaQuon Marshall","QB","Georgia Tech","ACC",360,0.263,0.134,0.34
"323",2017,3918298,"Josh Allen","QB","Wyoming","Mountain West",360,0.264,0.22,0.455
"324",2017,3122611,"Ty Gangi","QB","Nevada","Mountain West",427,0.268,0.278,0.183
"325",2017,3917007,"Chad President","QB","Tulsa","American Athletic",223,0.269,0.066,0.823
"326",2017,3128814,"Manny Wilkins","QB","Arizona State","Pac-12",541,0.271,0.266,0.291
"327",2017,557882,"Stephen Johnson","QB","Kentucky","SEC",416,0.272,0.196,0.613
"328",2017,546145,"Brandon Silvers","QB","Troy","Sun Belt",453,0.278,0.267,0.421
"329",2017,4036149,"Nathan Stanley","QB","Iowa","Big Ten",385,0.278,0.289,0.119
"330",2017,3915436,"Steven Montez","QB","Colorado","Pac-12",507,0.286,0.284,0.295
"331",2017,4039275,"Kwadra Griggs","QB","Southern Mississippi","Conference USA",346,0.288,0.295,0.261
"332",2017,3116379,"Justice Hansen","QB","Arkansas State","Sun Belt",616,0.29,0.274,0.376
"333",2017,549804,"Mike White","QB","Western Kentucky","Conference USA",617,0.291,0.288,0.372
"334",2017,4039073,"Mason Fine","QB","North Texas","Conference USA",606,0.292,0.32,0.095
"335",2017,3892775,"Jarrett Stidham","QB","Auburn","SEC",463,0.292,0.295,0.27
"336",2017,3931782,"Chase Litton","QB","Marshall","Conference USA",470,0.3,0.304,0.224
"337",2017,4036585,"Caleb Evans","QB","Louisiana Monroe","Sun Belt",483,0.304,0.302,0.31
"338",2017,3932451,"Brandon Wimbush","QB","Notre Dame","FBS Independents",410,0.304,0.152,0.689
"339",2017,545364,"Nic Shimonek","QB","Texas Tech","Big 12",549,0.306,0.313,0.193
"340",2017,3886377,"Josh Rosen","QB","UCLA","Pac-12",497,0.307,0.308,0.302
"341",2017,549956,"Bryant Shirreffs","QB","Connecticut","American Athletic",345,0.309,0.342,0.163
"342",2017,3916208,"Ben Hicks","QB","SMU","American Athletic",521,0.31,0.302,0.423
"343",2017,4241222,"Charlie Brewer","QB","Baylor","Big 12",267,0.312,0.342,0.177
"344",2017,3916726,"Jon Wassink","QB","Western Michigan","Mid-American",231,0.316,0.302,0.413
"345",2017,550226,"Conner Manning","QB","Georgia State","Sun Belt",370,0.316,0.334,0.141
"346",2017,3929824,"Brian Lewerke","QB","Michigan State","Big Ten",538,0.316,0.268,0.51
"347",2017,3124037,"Dalton Sturm","QB","UT San Antonio","Conference USA",415,0.32,0.279,0.456
"348",2017,547206,"Austin Allen","QB","Arkansas","SEC",221,0.321,0.331,0.212
"349",2017,3915776,"Kyle Shurmur","QB","Vanderbilt","SEC",412,0.328,0.342,0.005
"350",2017,3916103,"Jonathan Banks","QB","Tulane","American Athletic",358,0.328,0.302,0.375
"351",2017,4035292,"Shea Patterson","QB","Ole Miss","SEC",303,0.332,0.358,0.075
"352",2017,3116172,"Trace McSorley","QB","Penn State","Big Ten",595,0.333,0.355,0.252
"353",2017,4040715,"Jalen Hurts","QB","Alabama","SEC",402,0.337,0.262,0.499
"354",2017,3139591,"Quinton Flowers","QB","South Florida","American Athletic",543,0.343,0.336,0.358
"355",2017,4242418,"Jordan Ta'amu","QB","Ole Miss","SEC",224,0.344,0.337,0.374
"356",2017,549865,"Kenny Hill","QB","TCU","Big 12",497,0.348,0.365,0.262
"357",2017,557700,"Tyler Keane","QB","Coastal Carolina","Sun Belt",209,0.353,0.391,0.085
"358",2017,3122713,"Jason Driskel","QB","Florida Atlantic","Conference USA",363,0.355,0.348,0.383
"359",2017,546288,"Ryan Finley","QB","NC State","ACC",543,0.361,0.339,0.549
"360",2017,3116772,"Andrew Ford","QB","UMass","FBS Independents",408,0.363,0.364,0.343
"361",2017,3722362,"Brett Rypien","QB","Boise State","Mountain West",384,0.366,0.374,0.181
"362",2017,3127332,"Marcus McMaryion","QB","Fresno State","Mountain West",403,0.366,0.343,0.515
"363",2017,3886812,"Jake Browning","QB","Washington","Pac-12",389,0.369,0.373,0.336
"364",2017,550170,"Danny Etling","QB","LSU","SEC",346,0.374,0.356,0.492
"365",2017,552119,"Kyle Kempt","QB","Iowa State","Big 12",274,0.375,0.419,-0.152
"366",2017,3912547,"Sam Darnold","QB","USC","Pac-12",552,0.378,0.381,0.35
"367",2017,4039300,"D'Eriq King","QB","Houston","American Athletic",242,0.384,0.363,0.443
"368",2017,3129089,"Ahmad Bradshaw","QB","Army","FBS Independents",284,0.387,-0.053,0.466
"369",2017,545624,"J.T. Barrett","QB","Ohio State","Big Ten",528,0.396,0.38,0.438
"370",2017,3128843,"Alex McGough","QB","Florida International","Conference USA",430,0.398,0.377,0.524
"371",2017,548447,"Taylor Lamb","QB","Appalachian State","Sun Belt",408,0.404,0.332,0.766
"372",2017,3138735,"Frank Nutile","QB","Temple","American Athletic",232,0.41,0.442,0.155
"373",2017,3886609,"Alex Hornibrook","QB","Wisconsin","Big Ten",347,0.418,0.441,-0.55
"374",2017,3124092,"John Wolford","QB","Wake Forest","ACC",512,0.42,0.442,0.354
"375",2017,4035225,"Nick Starkel","QB","Texas A&M","SEC",217,0.421,0.431,-0.115
"376",2017,4244688,"Nathan Rourke","QB","Ohio","Mid-American",395,0.422,0.23,0.915
"377",2017,545910,"Logan Woodside","QB","Toledo","Mid-American",458,0.43,0.436,0.325
"378",2017,3916564,"Tyree Jackson","QB","Buffalo","Mid-American",283,0.436,0.424,0.517
"379",2017,546267,"Nick Stevens","QB","Colorado State","Mountain West",509,0.444,0.445,0.434
"380",2017,3916387,"Lamar Jackson","QB","Louisville","ACC",653,0.448,0.367,0.627
"381",2017,546539,"Riley Ferguson","QB","Memphis","American Athletic",525,0.457,0.451,0.549
"382",2017,3924327,"Drew Lock","QB","Missouri","SEC",461,0.459,0.482,0.159
"383",2017,4240689,"Jake Fromm","QB","Georgia","SEC",342,0.465,0.457,0.537
"384",2017,4044431,"K.J. Costello","QB","Stanford","Pac-12",238,0.469,0.462,0.54
"385",2017,4039602,"Khalil Tate","QB","Arizona","Pac-12",327,0.502,0.392,0.653
"386",2017,3116407,"Mason Rudolph","QB","Oklahoma State","Big 12",544,0.528,0.516,0.671
"387",2017,4038941,"Justin Herbert","QB","Oregon","Pac-12",248,0.542,0.526,0.641
"388",2017,4042113,"McKenzie Milton","QB","UCF","American Athletic",494,0.578,0.569,0.614
"389",2017,550373,"Baker Mayfield","QB","Oklahoma","Big 12",496,0.626,0.66,0.426
"390",2018,4361530,"Artur Sitkowski","QB","Rutgers","Big Ten",293,-0.134,-0.134,-0.132
"391",2018,4362029,"Kai Locksley","QB","UTEP","Conference USA",274,0.032,-0.071,0.231
"392",2018,4362984,"Cordale Grundy","QB","UT San Antonio","Conference USA",282,0.041,-0.032,0.416
"393",2018,4240351,"Tyler Vander Waal","QB","Wyoming","Mountain West",304,0.054,0.033,0.198
"394",2018,4035995,"Jawon Pass","QB","Louisville","ACC",366,0.068,0.055,0.154
"395",2018,4037556,"Steven Duncan","QB","Western Kentucky","Conference USA",256,0.069,0.062,0.094
"396",2018,4038520,"Reid Herring","QB","East Carolina","American Athletic",262,0.071,0.09,-0.302
"397",2018,4039470,"Marcus Childers","QB","Northern Illinois","Mid-American",546,0.077,0,0.293
"398",2018,4360936,"Zack Annexstad","QB","Minnesota","Big Ten",206,0.08,0.084,-0.006
"399",2018,4362667,"Tyler Vitt","QB","Texas State","Sun Belt",274,0.088,0.074,0.135
"400",2018,3921685,"Josh Love","QB","San José State","Mountain West",317,0.099,0.121,-0.378
"401",2018,4241635,"Josh Adkins","QB","New Mexico State","FBS Independents",479,0.1,0.119,-0.031
"402",2018,4036357,"Collin Hill","QB","Colorado State","Mountain West",216,0.103,0.082,0.364
"403",2018,4241937,"Kasim Hill","QB","Maryland","Big Ten",210,0.104,0.117,0.016
"404",2018,4240703,"Kenny Pickett","QB","Pittsburgh","ACC",422,0.106,0.043,0.36
"405",2018,3929824,"Brian Lewerke","QB","Michigan State","Big Ten",423,0.108,0.07,0.29
"406",2018,4362340,"Woody Barrett","QB","Kent State","Mid-American",546,0.112,-0.012,0.565
"407",2018,4039268,"Tommy Lazzaro","QB","Central Michigan","Mid-American",238,0.115,0.038,0.256
"408",2018,3127261,"Peyton Bender","QB","Kansas","Big 12",354,0.122,0.127,-0.015
"409",2018,4040407,"Jack Abraham","QB","Southern Mississippi","Conference USA",314,0.135,0.153,-0.059
"410",2018,4240628,"N'Kosi Perry","QB","Miami","ACC",250,0.148,0.106,0.337
"411",2018,3916208,"Ben Hicks","QB","SMU","American Athletic",413,0.149,0.143,0.263
"412",2018,4035856,"Max Gilliam","QB","UNLV","Mountain West",276,0.152,0.171,0.014
"413",2018,4244601,"Seth Boomer","QB","Tulsa","American Athletic",252,0.155,0.14,0.251
"414",2018,3116144,"Clayton Thorson","QB","Northwestern","Big Ten",564,0.16,0.138,0.437
"415",2018,3895838,"Nathan Elliott","QB","North Carolina","ACC",358,0.161,0.196,-0.186
"416",2018,4243258,"Jason Shelley","QB","Utah","Pac-12",228,0.164,0.167,0.154
"417",2018,3122170,"Shawn Stankavage","QB","Rice","Conference USA",260,0.168,0.15,0.317
"418",2018,3916103,"Jonathan Banks","QB","Tulane","American Athletic",216,0.171,0.137,0.268
"419",2018,4038741,"Kato Nelson","QB","Akron","Mid-American",467,0.177,0.194,0.119
"420",2018,3921561,"Deondre Francois","QB","Florida State","ACC",468,0.182,0.2,0.034
"421",2018,4039495,"Eli Peters","QB","Toledo","Mid-American",286,0.184,0.18,0.262
"422",2018,3144983,"Tyler Wiegers","QB","Eastern Michigan","Mid-American",326,0.186,0.247,-0.204
"423",2018,3886621,"Ty Storey","QB","Arkansas","SEC",314,0.189,0.176,0.258
"424",2018,3915379,"Sheriron Jones","QB","New Mexico","Mountain West",251,0.192,0.131,0.386
"425",2018,4045290,"Peyton Ramsey","QB","Indiana","Big Ten",555,0.192,0.164,0.34
"426",2018,3116172,"Trace McSorley","QB","Penn State","Big Ten",526,0.194,0.105,0.433
"427",2018,4039901,"Sawyer Smith","QB","Troy","Sun Belt",299,0.194,0.216,0.105
"428",2018,3914382,"J'Mar Smith","QB","Louisiana Tech","Conference USA",543,0.196,0.188,0.264
"429",2018,558337,"Nick Fitzgerald","QB","Mississippi State","SEC",499,0.198,0.093,0.361
"430",2018,3116087,"AJ Bush","QB","Illinois","Big Ten",351,0.198,0.037,0.501
"431",2018,4242408,"Chase Garbers","QB","California","Pac-12",353,0.199,0.087,0.635
"432",2018,3917792,"Daniel Jones","QB","Duke","ACC",495,0.203,0.172,0.37
"433",2018,3917810,"TaQuon Marshall","QB","Georgia Tech","ACC",321,0.203,0.148,0.236
"434",2018,4374303,"JT Daniels","QB","USC","Pac-12",403,0.205,0.23,-0.18
"435",2018,4038940,"Terry Wilson","QB","Kentucky","SEC",354,0.206,0.143,0.37
"436",2018,4029885,"Stephen Calvert","QB","Liberty","FBS Independents",469,0.214,0.221,-0.101
"437",2018,545683,"Brent Stockstill","QB","Middle Tennessee","Conference USA",573,0.22,0.219,0.227
"438",2018,4261909,"Isaiah Green","QB","Marshall","Conference USA",374,0.22,0.224,0.176
"439",2018,4367178,"Dorian Thompson-Robinson","QB","UCLA","Pac-12",200,0.221,0.201,0.341
"440",2018,4244029,"Jarret Doege","QB","Bowling Green","Mid-American",437,0.221,0.243,-0.173
"441",2018,4035671,"Tyler Huntley","QB","Utah","Pac-12",338,0.224,0.251,0.15
"442",2018,545682,"A.J. Erdely","QB","UAB","Conference USA",280,0.226,0.243,0.172
"443",2018,3886609,"Alex Hornibrook","QB","Wisconsin","Big Ten",225,0.229,0.259,-0.575
"444",2018,4361994,"Sam Hartman","QB","Wake Forest","ACC",394,0.23,0.224,0.256
"445",2018,3914543,"Blake LaRussa","QB","Old Dominion","Conference USA",391,0.232,0.218,0.515
"446",2018,4036419,"Skylar John Thompson","QB","Kansas State","Big 12",313,0.241,0.238,0.248
"447",2018,3915436,"Steven Montez","QB","Colorado","Pac-12",487,0.25,0.22,0.444
"448",2018,4360131,"Holton Ahlers","QB","East Carolina","American Athletic",366,0.253,0.172,0.488
"449",2018,4241399,"Chris Robison","QB","Florida Atlantic","Conference USA",344,0.254,0.292,0.076
"450",2018,4042803,"Conor Blount","QB","Oregon State","Pac-12",208,0.254,0.295,0.055
"451",2018,3122611,"Ty Gangi","QB","Nevada","Mountain West",488,0.259,0.256,0.297
"452",2018,3892775,"Jarrett Stidham","QB","Auburn","SEC",439,0.262,0.288,0.058
"453",2018,4039436,"Malcolm Perry","QB","Navy","American Athletic",212,0.263,0.148,0.296
"454",2018,4044122,"Anthony Russo","QB","Temple","American Athletic",386,0.264,0.263,0.27
"455",2018,3915468,"Riley Neal","QB","Ball State","Mid-American",415,0.266,0.172,0.722
"456",2018,4239134,"David Pindell","QB","Connecticut","American Athletic",526,0.27,0.167,0.451
"457",2018,3115966,"Wilton Speight","QB","UCLA","Pac-12",245,0.27,0.256,0.39
"458",2018,4241553,"Andre Nunez","QB","Louisiana","Sun Belt",341,0.272,0.299,0.056
"459",2018,3675812,"Bryce Perkins","QB","Virginia","ACC",557,0.274,0.266,0.291
"460",2018,4036585,"Caleb Evans","QB","Louisiana Monroe","Sun Belt",507,0.274,0.199,0.52
"461",2018,3915511,"Joe Burrow","QB","LSU","SEC",505,0.277,0.242,0.43
"462",2018,3124900,"Jake Luton","QB","Oregon State","Pac-12",250,0.277,0.311,-0.457
"463",2018,4035312,"Anthony Brown","QB","Boston College","ACC",339,0.281,0.26,0.461
"464",2018,3858944,"Blake Barnett","QB","South Florida","American Athletic",397,0.285,0.238,0.52
"465",2018,4035167,"Jarrett Guarantano","QB","Tennessee","SEC",285,0.291,0.314,-0.004
"466",2018,3123047,"Malik Rosier","QB","Miami","ACC",209,0.291,0.17,0.708
"467",2018,4037213,"Jamie Newman","QB","Wake Forest","ACC",205,0.291,0.292,0.287
"468",2018,4361182,"Adrian Martinez","QB","Nebraska","Big Ten",481,0.292,0.212,0.54
"469",2018,4240904,"Kellen Mond","QB","Texas A&M","SEC",555,0.295,0.266,0.407
"470",2018,4043136,"Jett Duffey","QB","Texas Tech","Big 12",230,0.298,0.269,0.374
"471",2018,4056052,"Armani Rogers","QB","UNLV","Mountain West",210,0.3,0.043,0.719
"472",2018,3116188,"David Blough","QB","Purdue","Big Ten",531,0.303,0.282,0.516
"473",2018,3921648,"Ryan Agnew","QB","San Diego State","Mountain West",280,0.304,0.271,0.499
"474",2018,4034948,"Feleipe Franks","QB","Florida","SEC",428,0.304,0.293,0.343
"475",2018,3915776,"Kyle Shurmur","QB","Vanderbilt","SEC",439,0.308,0.312,0.22
"476",2018,3129265,"Evan Orth","QB","South Alabama","Sun Belt",215,0.308,0.287,0.425
"477",2018,3917958,"Ryan Willis","QB","Virginia Tech","ACC",472,0.31,0.253,0.557
"478",2018,4361902,"Dan Ellington","QB","Georgia State","Sun Belt",426,0.313,0.303,0.333
"479",2018,4038524,"Gardner Minshew","QB","Washington State","Pac-12",713,0.319,0.309,0.462
"480",2018,4039073,"Mason Fine","QB","North Texas","Conference USA",531,0.321,0.354,-0.013
"481",2018,3127291,"K.J. Carta-Samuels","QB","Colorado State","Mountain West",299,0.322,0.357,-0.048
"482",2018,4239086,"Desmond Ridder","QB","Cincinnati","American Athletic",454,0.324,0.368,0.21
"483",2018,4361259,"Zach Wilson","QB","BYU","FBS Independents",255,0.325,0.278,0.511
"484",2018,3916447,"Eric Dungey","QB","Syracuse","ACC",492,0.325,0.286,0.429
"485",2018,4038941,"Justin Herbert","QB","Oregon","Pac-12",475,0.331,0.3,0.578
"486",2018,3125968,"Gus Ragland","QB","Miami (OH)","Mid-American",415,0.333,0.336,0.32
"487",2018,4038220,"Cole McDonald","QB","Hawai'i","Mountain West",615,0.333,0.35,0.245
"488",2018,3128814,"Manny Wilkins","QB","Arizona State","Pac-12",500,0.334,0.332,0.342
"489",2018,3916564,"Tyree Jackson","QB","Buffalo","Mid-American",461,0.335,0.289,0.795
"490",2018,3916726,"Jon Wassink","QB","Western Michigan","Mid-American",289,0.349,0.324,0.489
"491",2018,3125927,"Ross Comis","QB","UMass","FBS Independents",277,0.354,0.333,0.431
"492",2018,4241222,"Charlie Brewer","QB","Baylor","Big 12",519,0.354,0.336,0.426
"493",2018,3893630,"Brady White","QB","Memphis","American Athletic",440,0.357,0.387,-0.063
"494",2018,4038809,"Jake Bentley","QB","South Carolina","SEC",447,0.359,0.355,0.392
"495",2018,4036149,"Nathan Stanley","QB","Iowa","Big Ten",432,0.359,0.361,0.318
"496",2018,559556,"Will Grier","QB","West Virginia","Big 12",388,0.365,0.381,0.118
"497",2018,3886812,"Jake Browning","QB","Washington","Pac-12",467,0.365,0.339,0.534
"498",2018,3122424,"Taylor Cornelius","QB","Oklahoma State","Big 12",605,0.372,0.34,0.553
"499",2018,4241820,"Sam Ehlinger","QB","Texas","Big 12",587,0.38,0.361,0.44
"500",2018,4046678,"Ian Book","QB","Notre Dame","FBS Independents",404,0.38,0.411,0.246
"501",2018,4362159,"Alan Bowman","QB","Texas Tech","Big 12",353,0.381,0.407,-0.036
"502",2018,3116379,"Justice Hansen","QB","Arkansas State","Sun Belt",470,0.385,0.4,0.325
"503",2018,4242418,"Jordan Ta'amu","QB","Ole Miss","SEC",484,0.39,0.41,0.292
"504",2018,4035292,"Shea Patterson","QB","Michigan","Big Ten",391,0.391,0.365,0.561
"505",2018,3722362,"Brett Rypien","QB","Boise State","Mountain West",496,0.392,0.413,0.211
"506",2018,546288,"Ryan Finley","QB","NC State","ACC",482,0.4,0.414,0.207
"507",2018,4360310,"Trevor Lawrence","QB","Clemson","ACC",435,0.4,0.398,0.418
"508",2018,3924327,"Drew Lock","QB","Missouri","SEC",487,0.413,0.42,0.342
"509",2018,4239793,"Tyler Johnston III","QB","UAB","Conference USA",230,0.421,0.521,0.247
"510",2018,4244688,"Nathan Rourke","QB","Ohio","Mid-American",403,0.422,0.291,0.751
"511",2018,4039602,"Khalil Tate","QB","Arizona","Pac-12",287,0.423,0.443,0.314
"512",2018,4361741,"Brock Purdy","QB","Iowa State","Big 12",287,0.424,0.453,0.338
"513",2018,3914395,"James Morgan","QB","Florida International","Conference USA",350,0.432,0.456,0.035
"514",2018,3127332,"Marcus McMaryion","QB","Fresno State","Mountain West",492,0.436,0.391,0.759
"515",2018,4040616,"Dwayne Haskins","QB","Ohio State","Big Ten",606,0.44,0.481,0.047
"516",2018,4044431,"K.J. Costello","QB","Stanford","Pac-12",450,0.451,0.458,0.303
"517",2018,4036429,"Zac Thomas","QB","Appalachian State","Sun Belt",343,0.461,0.41,0.639
"518",2018,4036378,"Jordan Love","QB","Utah State","Mountain West",458,0.467,0.487,0.244
"519",2018,4036923,"Kelvin Hopkins Jr.","QB","Army","FBS Independents",296,0.471,0.793,0.328
"520",2018,4042113,"McKenzie Milton","QB","UCF","American Athletic",366,0.509,0.535,0.405
"521",2018,4240689,"Jake Fromm","QB","Georgia","SEC",343,0.524,0.579,-0.064
"522",2018,4039300,"D'Eriq King","QB","Houston","American Athletic",452,0.561,0.521,0.708
"523",2018,4241479,"Tua Tagovailoa","QB","Alabama","SEC",358,0.572,0.592,0.414
"524",2018,3917315,"Kyler Murray","QB","Oklahoma","Big 12",509,0.732,0.722,0.761
"525",2019,4572366,"Andrew Brito","QB","UMass","FBS Independents",203,-0.11,-0.087,-0.374
"526",2019,4035633,"Aidan Smith","QB","Northwestern","Big Ten",239,-0.041,-0.07,0.042
"527",2019,4360204,"Johnny Langan","QB","Rutgers","Big Ten",288,-0.009,-0.138,0.197
"528",2019,4250764,"Stone Smartt","QB","Old Dominion","Conference USA",279,0.012,-0.114,0.376
"529",2019,4037603,"Josh Jackson","QB","Maryland","Big Ten",258,0.022,0.013,0.097
"530",2019,4249400,"Cephus Johnson","QB","South Alabama","Sun Belt",230,0.044,-0.067,0.382
"531",2019,4038741,"Kato Nelson","QB","Akron","Mid-American",385,0.051,0.028,0.165
"532",2019,4046743,"Grant Loy","QB","Bowling Green","Mid-American",303,0.062,-0.006,0.215
"533",2019,4027860,"Gresch Jensen","QB","Texas State","Sun Belt",202,0.085,0.054,0.964
"534",2019,4428977,"Jack Zergiotis","QB","Connecticut","American Athletic",299,0.087,0.079,0.206
"535",2019,4426657,"Ryan Hilinski","QB","South Carolina","SEC",436,0.087,0.091,-0.019
"536",2019,4241635,"Josh Adkins","QB","New Mexico State","FBS Independents",538,0.089,0.078,0.156
"537",2019,3915468,"Riley Neal","QB","Vanderbilt","SEC",310,0.11,0.078,0.377
"538",2019,3917793,"Quentin Harris","QB","Duke","ACC",512,0.116,0.098,0.17
"539",2019,4427243,"Brett Gabbert","QB","Miami (OH)","Mid-American",402,0.119,0.133,0.048
"540",2019,4362667,"Tyler Vitt","QB","Texas State","Sun Belt",287,0.125,0.106,0.238
"541",2019,4361032,"Bryce Carpenter","QB","Coastal Carolina","Sun Belt",244,0.128,0.176,0.051
"542",2019,4360890,"Jordan McCloud","QB","South Florida","American Athletic",327,0.133,0.046,0.436
"543",2019,4361653,"Devin Leary","QB","NC State","ACC",246,0.136,0.094,0.425
"544",2019,3912536,"Tom Stewart","QB","Rice","Conference USA",203,0.142,0.141,0.149
"545",2019,4361566,"Kenyon Oblad","QB","UNLV","Mountain West",351,0.15,0.154,0.11
"546",2019,4240391,"Tommy DeVito","QB","Syracuse","ACC",446,0.152,0.121,0.328
"547",2019,4361435,"Carson Strong","QB","Nevada","Mountain West",413,0.158,0.158,0.154
"548",2019,4039390,"Tevaka Tuioti","QB","New Mexico","Mountain West",243,0.16,0.073,0.615
"549",2019,4240703,"Kenny Pickett","QB","Pittsburgh","ACC",557,0.171,0.158,0.264
"550",2019,4044122,"Anthony Russo","QB","Temple","American Athletic",450,0.173,0.181,-0.01
"551",2019,4261909,"Isaiah Green","QB","Marshall","Conference USA",447,0.178,0.16,0.25
"552",2019,4037642,"Austin Kendall","QB","West Virginia","Big 12",348,0.183,0.186,0.158
"553",2019,4242203,"Lowell Narcisse","QB","UT San Antonio","Conference USA",316,0.184,0.065,0.454
"554",2019,4427105,"Max Duggan","QB","TCU","Big 12",466,0.187,0.092,0.518
"555",2019,4362507,"Jarren Williams","QB","Miami","ACC",340,0.188,0.223,-0.106
"556",2019,4361493,"Jack Plummer","QB","Purdue","Big Ten",303,0.204,0.211,0.158
"557",2019,4036378,"Jordan Love","QB","Utah State","Mountain West",552,0.206,0.201,0.246
"558",2019,3675812,"Bryce Perkins","QB","Virginia","ACC",723,0.209,0.201,0.232
"559",2019,4361182,"Adrian Martinez","QB","Nebraska","Big Ten",392,0.219,0.154,0.363
"560",2019,3929824,"Brian Lewerke","QB","Michigan State","Big Ten",543,0.22,0.194,0.347
"561",2019,3886565,"Quinten Dormady","QB","Central Michigan","Mid-American",301,0.225,0.249,-0.093
"562",2019,4035409,"Zach Smith","QB","Tulsa","American Athletic",500,0.226,0.247,-0.033
"563",2019,4043136,"Jett Duffey","QB","Texas Tech","Big 12",437,0.228,0.238,0.158
"564",2019,3728240,"Kelly Bryant","QB","Missouri","SEC",390,0.229,0.242,0.18
"565",2019,3858269,"Ross Bowers","QB","Northern Illinois","Mid-American",320,0.23,0.243,0.022
"566",2019,4361259,"Zach Wilson","QB","BYU","FBS Independents",381,0.237,0.224,0.325
"567",2019,4240020,"James Blackman","QB","Florida State","ACC",358,0.24,0.246,0.2
"568",2019,4036262,"Brandon Peters","QB","Illinois","Big Ten",343,0.246,0.191,0.564
"569",2019,4360175,"Clayton Tune","QB","Houston","American Athletic",241,0.247,0.22,0.356
"570",2019,4367178,"Dorian Thompson-Robinson","QB","UCLA","Pac-12",475,0.251,0.221,0.388
"571",2019,4239793,"Tyler Johnston III","QB","UAB","Conference USA",324,0.253,0.296,0.094
"572",2019,4036923,"Kelvin Hopkins Jr.","QB","Army","FBS Independents",216,0.254,0.036,0.384
"573",2019,4242995,"Jorge Reyna","QB","Fresno State","Mountain West",456,0.258,0.252,0.289
"574",2019,4426494,"John Rhys Plumlee","QB","Ole Miss","SEC",301,0.262,0.186,0.342
"575",2019,4036149,"Nathan Stanley","QB","Iowa","Big Ten",473,0.263,0.232,0.5
"576",2019,4035292,"Shea Patterson","QB","Michigan","Big Ten",466,0.264,0.273,0.206
"577",2019,3921648,"Ryan Agnew","QB","San Diego State","Mountain West",440,0.266,0.256,0.335
"578",2019,3915436,"Steven Montez","QB","Colorado","Pac-12",468,0.268,0.238,0.543
"579",2019,4239086,"Desmond Ridder","QB","Cincinnati","American Athletic",463,0.268,0.19,0.499
"580",2019,4039602,"Khalil Tate","QB","Arizona","Pac-12",350,0.271,0.222,0.466
"581",2019,3917957,"Carter Stanley","QB","Kansas","Big 12",435,0.272,0.322,-0.109
"582",2019,4037213,"Jamie Newman","QB","Wake Forest","ACC",539,0.273,0.332,0.132
"583",2019,3791110,"Tommy Stevens","QB","Mississippi State","SEC",242,0.279,0.213,0.453
"584",2019,3914395,"James Morgan","QB","Florida International","Conference USA",383,0.287,0.274,0.504
"585",2019,4567218,"Bo Nix","QB","Auburn","SEC",471,0.288,0.276,0.348
"586",2019,4362029,"Kai Locksley","QB","UTEP","Conference USA",305,0.288,0.242,0.378
"587",2019,4241399,"Chris Robison","QB","Florida Atlantic","Conference USA",549,0.289,0.337,-0.089
"588",2019,4361825,"Spencer Sanders","QB","Oklahoma State","Big 12",382,0.291,0.326,0.213
"589",2019,4039073,"Mason Fine","QB","North Texas","Conference USA",468,0.291,0.32,-0.117
"590",2019,4361902,"Dan Ellington","QB","Georgia State","Sun Belt",455,0.292,0.282,0.318
"591",2019,4240904,"Kellen Mond","QB","Texas A&M","SEC",537,0.292,0.241,0.534
"592",2019,4055171,"Anthony Gordon","QB","Washington State","Pac-12",724,0.292,0.31,-0.086
"593",2019,4426348,"Jayden Daniels","QB","Arizona State","Pac-12",468,0.301,0.294,0.326
"594",2019,4240689,"Jake Fromm","QB","Georgia","SEC",419,0.304,0.316,0.096
"595",2019,4035003,"Jacob Eason","QB","Washington","Pac-12",449,0.305,0.293,0.506
"596",2019,4039910,"Kaleb Barker","QB","Troy","Sun Belt",542,0.309,0.322,0.197
"597",2019,4361033,"Fred Payton","QB","Coastal Carolina","Sun Belt",240,0.309,0.341,0.165
"598",2019,4360131,"Holton Ahlers","QB","East Carolina","American Athletic",547,0.309,0.327,0.22
"599",2019,3886621,"Ty Storey","QB","Western Kentucky","Conference USA",465,0.311,0.306,0.328
"600",2019,4242546,"Davis Mills","QB","Stanford","Pac-12",271,0.312,0.318,0.228
"601",2019,4035167,"Jarrett Guarantano","QB","Tennessee","SEC",304,0.312,0.321,0.248
"602",2019,3843247,"Justin McMillan","QB","Tulane","American Athletic",480,0.313,0.226,0.524
"603",2019,4039210,"Drew Plitt","QB","Ball State","Mid-American",458,0.313,0.312,0.318
"604",2019,4374350,"Asher O'Hara","QB","Middle Tennessee","Conference USA",527,0.316,0.303,0.341
"605",2019,4034857,"Patrick O'Brien","QB","Colorado State","Mountain West",398,0.317,0.352,0.019
"606",2019,4241222,"Charlie Brewer","QB","Baylor","Big 12",528,0.317,0.304,0.362
"607",2019,4045290,"Peyton Ramsey","QB","Indiana","Big Ten",394,0.323,0.279,0.513
"608",2019,3916726,"Jon Wassink","QB","Western Michigan","Mid-American",475,0.323,0.298,0.523
"609",2019,4239939,"Dennis Grosel","QB","Boston College","ACC",210,0.325,0.274,0.503
"610",2019,4036585,"Caleb Evans","QB","Louisiana Monroe","Sun Belt",528,0.328,0.255,0.553
"611",2019,4362874,"Matt Corral","QB","Ole Miss","SEC",233,0.334,0.362,0.214
"612",2019,4426499,"Hank Bachmeier","QB","Boise State","Mountain West",258,0.338,0.345,0.274
"613",2019,4426966,"Garrett Shrader","QB","Mississippi State","SEC",261,0.339,0.217,0.545
"614",2019,4259592,"Sean Clifford","QB","Penn State","Big Ten",433,0.339,0.347,0.309
"615",2019,3124900,"Jake Luton","QB","Oregon State","Pac-12",404,0.343,0.331,0.563
"616",2019,4038220,"Cole McDonald","QB","Hawai'i","Mountain West",611,0.345,0.332,0.422
"617",2019,4242408,"Chase Garbers","QB","California","Pac-12",302,0.347,0.344,0.356
"618",2019,3921685,"Josh Love","QB","San José State","Mountain West",502,0.35,0.355,0.141
"619",2019,4240858,"Hendon Hooker","QB","Virginia Tech","ACC",279,0.351,0.397,0.272
"620",2019,3914382,"J'Mar Smith","QB","Louisiana Tech","Conference USA",466,0.352,0.355,0.339
"621",2019,4361741,"Brock Purdy","QB","Iowa State","Big 12",565,0.355,0.383,0.174
"622",2019,4259269,"Chris Reynolds","QB","Charlotte","Conference USA",445,0.356,0.35,0.37
"623",2019,4039034,"Shane Buechele","QB","SMU","American Athletic",549,0.363,0.384,0.154
"624",2019,4046678,"Ian Book","QB","Notre Dame","FBS Independents",507,0.363,0.358,0.383
"625",2019,4034946,"Kyle Trask","QB","Florida","SEC",417,0.366,0.395,0.119
"626",2019,4029885,"Stephen Calvert","QB","Liberty","FBS Independents",474,0.368,0.392,-0.321
"627",2019,4244068,"Dustin Crum","QB","Kent State","Mid-American",480,0.37,0.307,0.539
"628",2019,4259127,"Mike Glass III","QB","Eastern Michigan","Mid-American",502,0.372,0.381,0.336
"629",2019,4241820,"Sam Ehlinger","QB","Texas","Big 12",613,0.375,0.365,0.413
"630",2019,4361222,"Layne Hatcher","QB","Arkansas State","Sun Belt",385,0.376,0.396,0.245
"631",2019,4036419,"Skylar John Thompson","QB","Kansas State","Big 12",403,0.377,0.365,0.418
"632",2019,4040407,"Jack Abraham","QB","Southern Mississippi","Conference USA",482,0.378,0.371,0.424
"633",2019,4036429,"Zac Thomas","QB","Appalachian State","Sun Belt",461,0.381,0.354,0.501
"634",2019,4426875,"Sam Howell","QB","North Carolina","ACC",516,0.382,0.408,0.183
"635",2019,4038941,"Justin Herbert","QB","Oregon","Pac-12",483,0.389,0.383,0.461
"636",2019,4427238,"Dillon Gabriel","QB","UCF","American Athletic",466,0.394,0.391,0.424
"637",2019,4242331,"Jack Coan","QB","Wisconsin","Big Ten",390,0.401,0.429,0.155
"638",2019,4244688,"Nathan Rourke","QB","Ohio","Mid-American",479,0.408,0.32,0.638
"639",2019,4241556,"Levi Lewis","QB","Louisiana","Sun Belt",448,0.409,0.389,0.555
"640",2019,4428512,"Kedon Slovis","QB","USC","Pac-12",434,0.427,0.458,-0.081
"641",2019,4035671,"Tyler Huntley","QB","Utah","Pac-12",399,0.448,0.524,0.141
"642",2019,4361690,"Sean Chambers","QB","Wyoming","Mountain West",210,0.454,0.242,0.785
"643",2019,4360310,"Trevor Lawrence","QB","Clemson","ACC",505,0.472,0.411,0.773
"644",2019,3893630,"Brady White","QB","Memphis","American Athletic",477,0.483,0.491,0.378
"645",2019,4240069,"Malik Cunningham","QB","Louisville","ACC",298,0.486,0.534,0.385
"646",2019,4362887,"Justin Fields","QB","Ohio State","Big Ten",485,0.512,0.515,0.501
"647",2019,4039436,"Malcolm Perry","QB","Navy","American Athletic",377,0.521,0.459,0.543
"648",2019,4240756,"Tanner Morgan","QB","Minnesota","Big Ten",376,0.562,0.592,0.255
"649",2019,4382332,"Donald Hammond III","QB","Air Force","Mountain West",231,0.57,0.665,0.476
"650",2019,4040715,"Jalen Hurts","QB","Oklahoma","Big 12",569,0.595,0.637,0.523
"651",2019,3915511,"Joe Burrow","QB","LSU","SEC",635,0.633,0.645,0.553
"652",2019,4241479,"Tua Tagovailoa","QB","Alabama","SEC",274,0.71,0.699,0.936
"653",2020,4596472,"Jalon Daniels","QB","Kansas","Big 12",223,-0.036,-0.11,0.227
"654",2020,4044431,"K.J. Costello","QB","Mississippi State","SEC",232,-0.032,-0.031,-0.048
"655",2020,4037121,"Rex Culpepper","QB","Syracuse","ACC",211,0.037,0.041,-0.018
"656",2020,4258236,"Nick Tronti","QB","Florida Atlantic","Conference USA",202,0.045,0.052,0.022
"657",2020,4431375,"Ken Seals","QB","Vanderbilt","SEC",285,0.092,0.096,0.046
"658",2020,4239994,"Chase Brice","QB","Duke","ACC",390,0.105,0.092,0.19
"659",2020,4036210,"Tyrrell Pigrome","QB","Western Kentucky","Conference USA",399,0.115,0.059,0.32
"660",2020,4036357,"Collin Hill","QB","South Carolina","SEC",257,0.12,0.093,0.428
"661",2020,4371730,"Brady McBride","QB","Texas State","Sun Belt",342,0.124,0.151,-0.046
"662",2020,4038940,"Terry Wilson","QB","Kentucky","SEC",300,0.126,0.092,0.2
"663",2020,4566196,"Will Rogers","QB","Mississippi State","SEC",374,0.131,0.105,1.074
"664",2020,4243539,"Noah Vedral","QB","Rutgers","Big Ten",281,0.131,0.088,0.323
"665",2020,3858269,"Ross Bowers","QB","Northern Illinois","Mid-American",231,0.135,0.148,-0.205
"666",2020,4365325,"Colby Suits","QB","Louisiana Monroe","Sun Belt",279,0.136,0.135,0.144
"667",2020,4241222,"Charlie Brewer","QB","Baylor","Big 12",426,0.141,0.121,0.229
"668",2020,4043980,"Luke Anthony","QB","Louisiana Tech","Conference USA",268,0.15,0.105,0.557
"669",2020,4360131,"Holton Ahlers","QB","East Carolina","American Athletic",289,0.158,0.154,0.198
"670",2020,4259269,"Chris Reynolds","QB","Charlotte","Conference USA",226,0.167,0.215,-0.096
"671",2020,4426335,"Graham Mertz","QB","Wisconsin","Big Ten",228,0.169,0.133,0.478
"672",2020,4035409,"Zach Smith","QB","Tulsa","American Athletic",296,0.174,0.193,-0.118
"673",2020,4360890,"Jordan McCloud","QB","South Florida","American Athletic",209,0.186,0.143,0.419
"674",2020,4429955,"Will Howard","QB","Kansas State","Big 12",244,0.191,0.207,0.152
"675",2020,4035856,"Max Gilliam","QB","UNLV","Mountain West",212,0.202,0.078,0.737
"676",2020,4373851,"Desmond Trotter","QB","South Alabama","Sun Belt",329,0.205,0.195,0.254
"677",2020,4427105,"Max Duggan","QB","TCU","Big 12",351,0.214,0.149,0.396
"678",2020,4259219,"Henry Colombi","QB","Texas Tech","Big 12",214,0.214,0.164,0.457
"679",2020,4568411,"Cornelious Brown","QB","Georgia State","Sun Belt",400,0.216,0.236,0.146
"680",2020,4362159,"Alan Bowman","QB","Texas Tech","Big 12",237,0.216,0.228,-0.062
"681",2020,4685039,"Michael Pratt","QB","Tulane","American Athletic",369,0.217,0.158,0.421
"682",2020,4360480,"Spencer Petras","QB","Iowa","Big Ten",276,0.218,0.184,0.59
"683",2020,4429066,"Jeff Sims","QB","Georgia Tech","ACC",373,0.22,0.132,0.467
"684",2020,4430686,"Grant Wells","QB","Marshall","Conference USA",324,0.225,0.197,0.393
"685",2020,4361825,"Spencer Sanders","QB","Oklahoma State","Big 12",341,0.235,0.312,-0.016
"686",2020,4374350,"Asher O'Hara","QB","Middle Tennessee","Conference USA",461,0.238,0.243,0.228
"687",2020,4244029,"Jarret Doege","QB","West Virginia","Big 12",408,0.239,0.221,0.578
"688",2020,4040880,"Sam Noyer","QB","Colorado","Pac-12",206,0.243,0.18,0.489
"689",2020,4360175,"Clayton Tune","QB","Houston","American Athletic",313,0.243,0.167,0.665
"690",2020,4567218,"Bo Nix","QB","Auburn","SEC",464,0.245,0.196,0.455
"691",2020,4035167,"Jarrett Guarantano","QB","Tennessee","SEC",204,0.254,0.16,0.867
"692",2020,4362723,"Gunnar Watson","QB","Troy","Sun Belt",330,0.264,0.281,0
"693",2020,4575668,"Gavin Hardison","QB","UTEP","Conference USA",223,0.264,0.332,-0.422
"694",2020,4370775,"Brennan Armstrong","QB","Virginia","ACC",393,0.274,0.227,0.398
"695",2020,4240703,"Kenny Pickett","QB","Pittsburgh","ACC",412,0.279,0.294,0.202
"696",2020,4360799,"Jordan Travis","QB","Florida State","ACC",229,0.28,0.148,0.505
"697",2020,4360423,"Michael Penix Jr.","QB","Indiana","Big Ten",234,0.285,0.26,0.795
"698",2020,4045290,"Peyton Ramsey","QB","Northwestern","Big Ten",362,0.289,0.316,0.18
"699",2020,4245186,"Frank Harris","QB","UT San Antonio","Conference USA",301,0.29,0.187,0.629
"700",2020,4685740,"Max Johnson","QB","LSU","SEC",203,0.292,0.296,0.28
"701",2020,4240025,"Bailey Hockman","QB","NC State","ACC",320,0.296,0.306,0.213
"702",2020,4373934,"Chevan Cordeiro","QB","Hawai'i","Mountain West",426,0.299,0.205,0.657
"703",2020,4036429,"Zac Thomas","QB","Appalachian State","Sun Belt",378,0.309,0.272,0.468
"704",2020,4426444,"Connor Bazelak","QB","Missouri","SEC",357,0.31,0.345,-0.026
"705",2020,4240756,"Tanner Morgan","QB","Minnesota","Big Ten",204,0.311,0.315,0.253
"706",2020,4259592,"Sean Clifford","QB","Penn State","Big Ten",348,0.314,0.33,0.255
"707",2020,4243322,"Jake Haener","QB","Fresno State","Mountain West",285,0.315,0.3,0.432
"708",2020,4240858,"Hendon Hooker","QB","Virginia Tech","ACC",269,0.316,0.336,0.285
"709",2020,4034948,"Feleipe Franks","QB","Arkansas","SEC",339,0.316,0.398,0.036
"710",2020,4241820,"Sam Ehlinger","QB","Texas","Big 12",434,0.324,0.321,0.335
"711",2020,4036473,"Logan Bonner","QB","Arkansas State","Sun Belt",294,0.332,0.355,0.021
"712",2020,4361994,"Sam Hartman","QB","Wake Forest","ACC",335,0.337,0.39,-0.04
"713",2020,4372768,"Phil Jurkovec","QB","Boston College","ACC",375,0.339,0.322,0.451
"714",2020,4039210,"Drew Plitt","QB","Ball State","Mid-American",283,0.347,0.334,0.411
"715",2020,4361435,"Carson Strong","QB","Nevada","Mountain West",382,0.348,0.371,-0.22
"716",2020,4428512,"Kedon Slovis","QB","USC","Pac-12",284,0.351,0.37,-0.115
"717",2020,4240904,"Kellen Mond","QB","Texas A&M","SEC",392,0.355,0.384,0.217
"718",2020,4244804,"Preston Hutchinson","QB","Eastern Michigan","Mid-American",284,0.357,0.353,0.369
"719",2020,4361182,"Adrian Martinez","QB","Nebraska","Big Ten",239,0.358,0.197,0.695
"720",2020,4360163,"Austin Aune","QB","North Texas","Conference USA",211,0.359,0.369,0.263
"721",2020,4035225,"Nick Starkel","QB","San José State","Mountain West",264,0.368,0.395,-0.517
"722",2020,3893630,"Brady White","QB","Memphis","American Athletic",478,0.369,0.356,0.509
"723",2020,4241556,"Levi Lewis","QB","Louisiana","Sun Belt",347,0.378,0.322,0.71
"724",2020,4039300,"D'Eriq King","QB","Miami","ACC",456,0.378,0.36,0.441
"725",2020,4361741,"Brock Purdy","QB","Iowa State","Big 12",449,0.378,0.341,0.566
"726",2020,4039034,"Shane Buechele","QB","SMU","American Athletic",423,0.379,0.352,0.645
"727",2020,4240069,"Malik Cunningham","QB","Louisville","ACC",430,0.381,0.321,0.564
"728",2020,4046678,"Ian Book","QB","Notre Dame","FBS Independents",462,0.382,0.355,0.492
"729",2020,4242546,"Davis Mills","QB","Stanford","Pac-12",218,0.384,0.402,0.219
"730",2020,4239086,"Desmond Ridder","QB","Cincinnati","American Athletic",373,0.447,0.385,0.673
"731",2020,4427238,"Dillon Gabriel","QB","UCF","American Athletic",469,0.453,0.461,0.383
"732",2020,4362887,"Justin Fields","QB","Ohio State","Big Ten",301,0.458,0.395,0.708
"733",2020,4426339,"Spencer Rattler","QB","Oklahoma","Big 12",395,0.459,0.49,0.288
"734",2020,4361222,"Layne Hatcher","QB","Arkansas State","Sun Belt",236,0.465,0.529,0.041
"735",2020,4362874,"Matt Corral","QB","Ole Miss","SEC",390,0.471,0.426,0.629
"736",2020,4360689,"Tyler Shough","QB","Oregon","Pac-12",226,0.478,0.495,0.421
"737",2020,4426875,"Sam Howell","QB","North Carolina","ACC",440,0.481,0.502,0.348
"738",2020,4242512,"Malik Willis","QB","Liberty","FBS Independents",400,0.487,0.373,0.745
"739",2020,4360310,"Trevor Lawrence","QB","Clemson","ACC",397,0.497,0.49,0.545
"740",2020,4034946,"Kyle Trask","QB","Florida","SEC",486,0.532,0.563,0.244
"741",2020,4427936,"Grayson McCall","QB","Coastal Carolina","Sun Belt",357,0.549,0.652,0.283
"742",2020,4361259,"Zach Wilson","QB","BYU","FBS Independents",334,0.626,0.622,0.644
"743",2020,4241464,"Mac Jones","QB","Alabama","SEC",436,0.683,0.687,0.597
